{
  "circular_ordering": {
    "is_circular_order": false,
    "best_match_score": 0.42857142857142855,
    "sorted_indices": [
      3,
      0,
      5,
      6,
      1,
      2,
      4
    ],
    "angles": [
      -1.7487308979034424,
      1.0899794101715088,
      2.1380298137664795,
      -2.4045252799987793,
      3.040095090866089,
      -1.1494178771972656,
      -0.388658732175827
    ],
    "center": [
      -1.277242400732348e-08,
      -5.3218434103996515e-09
    ]
  },
  "distance_consistency": {
    "distance_correlation": 0.14099242949911586,
    "radius_variance": 