{
  "circular_ordering": {
    "is_circular_order": false,
    "best_match_score": 0.5714285714285714,
    "sorted_indices": [
      2,
      5,
      6,
      4,
      1,
      0,
      3
    ],
    "angles": [
      1.3140485286712646,
      0.8969846963882446,
      -2.147045135498047,
      2.823920249938965,
      0.04389343038201332,
      -1.8655704259872437,
      -0.41236549615859985
    ],
    "center": [
      -6.38621200366174e-09,
      -5.3218434103996515e-09
    ]
  },
  "distance_consistency": {
    "distance_correlation": -0.10382422590651028,
    "radius_variance": 